{
  "ABIRoot": {
    "kind": "Root",
    "name": "InsuranceModule",
    "printedName": "InsuranceModule",
    "children": [
      {
        "kind": "Import",
        "name": "UIKit",
        "printedName": "UIKit",
        "declKind": "Import",
        "moduleName": "InsuranceModule",
        "declAttributes": [
          "RawDocComment"
        ]
      },
      {
        "kind": "Import",
        "name": "Kingfisher",
        "printedName": "Kingfisher",
        "declKind": "Import",
        "moduleName": "InsuranceModule",
        "declAttributes": [
          "AccessControl"
        ]
      },
      {
        "kind": "TypeDecl",
        "name": "InsuranceModuleAdapter",
        "printedName": "InsuranceModuleAdapter",
        "children": [
          {
            "kind": "Constructor",
            "name": "init",
            "printedName": "init()",
            "children": [
              {
                "kind": "TypeNominal",
                "name": "InsuranceModuleAdapter",
                "printedName": "InsuranceModule.InsuranceModuleAdapter",
                "usr": "c:@M@InsuranceModule@objc(cs)InsuranceModuleAdapter"
              }
            ],
            "declKind": "Constructor",
            "usr": "c:@M@InsuranceModule@objc(cs)InsuranceModuleAdapter(im)init",
            "mangledName": "$s15InsuranceModule0aB7AdapterCACycfc",
            "moduleName": "InsuranceModule",
            "overriding": true,
            "objc_name": "init",
            "declAttributes": [
              "Dynamic",
              "ObjC",
              "Override",
              "AccessControl"
            ],
            "init_kind": "Designated"
          },
          {
            "kind": "Function",
            "name": "loadImage",
            "printedName": "loadImage(url:)",
            "children": [
              {
                "kind": "TypeNominal",
                "name": "UIImageView",
                "printedName": "UIKit.UIImageView",
                "usr": "c:objc(cs)UIImageView"
              },
              {
                "kind": "TypeNominal",
                "name": "URL",
                "printedName": "Foundation.URL",
                "usr": "s:10Foundation3URLV"
              }
            ],
            "declKind": "Func",
            "usr": "c:@M@InsuranceModule@objc(cs)InsuranceModuleAdapter(im)setImageWithUrl:",
            "mangledName": "$s15InsuranceModule0aB7AdapterC9loadImage3urlSo11UIImageViewC10Foundation3URLV_tF",
            "moduleName": "InsuranceModule",
            "objc_name": "setImageWithUrl:",
            "declAttributes": [
              "AccessControl",
              "ObjC",
              "Custom"
            ],
            "funcSelfKind": "NonMutating"
          }
        ],
        "declKind": "Class",
        "usr": "c:@M@InsuranceModule@objc(cs)InsuranceModuleAdapter",
        "mangledName": "$s15InsuranceModule0aB7AdapterC",
        "moduleName": "InsuranceModule",
        "declAttributes": [
          "AccessControl",
          "ObjC"
        ],
        "superclassUsr": "c:objc(cs)NSObject",
        "inheritsConvenienceInitializers": true,
        "superclassNames": [
          "ObjectiveC.NSObject"
        ],
        "conformances": [
          {
            "kind": "Conformance",
            "name": "Copyable",
            "printedName": "Copyable",
            "usr": "s:s8CopyableP",
            "mangledName": "$ss8CopyableP"
          },
          {
            "kind": "Conformance",
            "name": "Escapable",
            "printedName": "Escapable",
            "usr": "s:s9EscapableP",
            "mangledName": "$ss9EscapableP"
          },
          {
            "kind": "Conformance",
            "name": "Equatable",
            "printedName": "Equatable",
            "usr": "s:SQ",
            "mangledName": "$sSQ"
          },
          {
            "kind": "Conformance",
            "name": "Hashable",
            "printedName": "Hashable",
            "usr": "s:SH",
            "mangledName": "$sSH"
          },
          {
            "kind": "Conformance",
            "name": "CVarArg",
            "printedName": "CVarArg",
            "usr": "s:s7CVarArgP",
            "mangledName": "$ss7CVarArgP"
          },
          {
            "kind": "Conformance",
            "name": "_KeyValueCodingAndObservingPublishing",
            "printedName": "_KeyValueCodingAndObservingPublishing",
            "usr": "s:10Foundation37_KeyValueCodingAndObservingPublishingP",
            "mangledName": "$s10Foundation37_KeyValueCodingAndObservingPublishingP"
          },
          {
            "kind": "Conformance",
            "name": "_KeyValueCodingAndObserving",
            "printedName": "_KeyValueCodingAndObserving",
            "usr": "s:10Foundation27_KeyValueCodingAndObservingP",
            "mangledName": "$s10Foundation27_KeyValueCodingAndObservingP"
          },
          {
            "kind": "Conformance",
            "name": "CustomStringConvertible",
            "printedName": "CustomStringConvertible",
            "usr": "s:s23CustomStringConvertibleP",
            "mangledName": "$ss23CustomStringConvertibleP"
          },
          {
            "kind": "Conformance",
            "name": "CustomDebugStringConvertible",
            "printedName": "CustomDebugStringConvertible",
            "usr": "s:s28CustomDebugStringConvertibleP",
            "mangledName": "$ss28CustomDebugStringConvertibleP"
          }
        ]
      }
    ],
    "json_format_version": 8
  },
  "ConstValues": []
}