{
  "ABIRoot": {
    "kind": "Root",
    "name": "SDWebImageModule",
    "printedName": "SDWebImageModule",
    "children": [
      {
        "kind": "Import",
        "name": "SDWebImage",
        "printedName": "SDWebImage",
        "declKind": "Import",
        "moduleName": "SDWebImageModule",
        "declAttributes": [
          "RawDocComment"
        ]
      },
      {
        "kind": "Import",
        "name": "UIKit",
        "printedName": "UIKit",
        "declKind": "Import",
        "moduleName": "SDWebImageModule"
      },
      {
        "kind": "Import",
        "name": "ImageLoaderProtocols",
        "printedName": "ImageLoaderProtocols",
        "declKind": "Import",
        "moduleName": "SDWebImageModule",
        "declAttributes": [
          "AccessControl"
        ]
      }
    ],
    "json_format_version": 8
  },
  "ConstValues": []
}